CREATE COLUMN TABLE "FEATUREDPRODUCTS" ("PRODUCTID" VARCHAR(255), "TYPE" VARCHAR(255), PRIMARY KEY ("PRODUCTID", "TYPE")) UNLOAD PRIORITY 5  AUTO MERGE;


  INSERT INTO "FEATUREDPRODUCTS" VALUES(
    'HT-6132',
    'Promoted'
  );
  INSERT INTO "FEATUREDPRODUCTS" VALUES(
    'HT-1000',
    'Promoted'
  );
  INSERT INTO "FEATUREDPRODUCTS" VALUES(
    'HT-1113',
    'Promoted'
  );
  INSERT INTO "FEATUREDPRODUCTS" VALUES(
    'HT-6130',
    'Promoted'
  );
  INSERT INTO "FEATUREDPRODUCTS" VALUES(
    'HT-1040',
    'Promoted'
  );
  INSERT INTO "FEATUREDPRODUCTS" VALUES(
    'HT-9992',
    'Viewed'
  );
  INSERT INTO "FEATUREDPRODUCTS" VALUES(
    'HT-6130',
    'Viewed'
  );
  INSERT INTO "FEATUREDPRODUCTS" VALUES(
    'HT-6110',
    'Viewed'
  );
  INSERT INTO "FEATUREDPRODUCTS" VALUES(
    'HT-9997',
    'Viewed'
  );
  INSERT INTO "FEATUREDPRODUCTS" VALUES(
    'HT-8000',
    'Favorite'
  );
  INSERT INTO "FEATUREDPRODUCTS" VALUES(
    'HT-6100',
    'Favorite'
  );
  INSERT INTO "FEATUREDPRODUCTS" VALUES(
    'HT-6111',
    'Favorite'
  );
  INSERT INTO "FEATUREDPRODUCTS" VALUES(
    'HT-1041',
    'Favorite'
  );
  
  CREATE COLUMN TABLE "PRODUCT"(
	"PRODUCTID" VARCHAR(255),
	"CATEGORY" VARCHAR(255),
	"MAINCATEGORY" VARCHAR(255),
	"SUPPLIERNAME" VARCHAR(255),
	"WEIGHT" VARCHAR(255),
	"WEIGHTUNIT" VARCHAR(255),
	"SHORTDESCRIPTION" VARCHAR(255),
	"NAME" VARCHAR(255),
	"PICTUREURL" VARCHAR(255),
	"STATUS" VARCHAR(255),
	"PRICE" VARCHAR(255),
	"DIMENSIONWIDTH" VARCHAR(255),
	"DIMENSIONDEPTH" VARCHAR(255),
	"DIMENSIONHEIGHT" VARCHAR(255),
	"UNIT" VARCHAR(255),
	"CURRENCYCODE" VARCHAR(255),
	PRIMARY KEY (
		"PRODUCTID"
	)
) UNLOAD PRIORITY 5 AUTO MERGE;

	INSERT INTO "PRODUCT" VALUES(
		'HT-1000',
		'LT',
		'Computer Systems',
		'Very Best Screens',
		'4.2',
		'KG',
		'Notebook Basic 15 with 2,80 GHz quad core, 15" LCD, 4 GB DDR3 RAM, 500 GB Hard Disc, Windows 8 Pro',
		'Notebook Basic 15',
		'/test-resources/sap/ui/demokit/explored/img/HT-1000.jpg',
		'A',
		'956',
		'30',
		'18',
		'3',
		'cm',
		'EUR'
	);
	INSERT INTO "PRODUCT" VALUES(
		'HT-1001',
		'LT',
		'Computer Systems',
		'Very Best Screens',
		'4.5',
		'KG',
		'Notebook Basic 17 with 2,80 GHz quad core, 17" LCD, 4 GB DDR3 RAM, 500 GB Hard Disc, Windows 8 Pro',
		'Notebook Basic 17',
		'/test-resources/sap/ui/demokit/explored/img/HT-1001.jpg',
		'A',
		'1249',
		'29',
		'17',
		'3.1',
		'cm',
		'EUR'
	);
	INSERT INTO "PRODUCT" VALUES(
		'HT-1002',
		'LT',
		'Computer Systems',
		'Very Best Screens',
		'4.2',
		'KG',
		'Notebook Basic 18 with 2,80 GHz quad core, 18" LCD, 8 GB DDR3 RAM, 1000 GB Hard Disc, Windows 8 Pro',
		'Notebook Basic 18',
		'/test-resources/sap/ui/demokit/explored/img/HT-1002.jpg',
		'A',
		'1570',
		'28',
		'19',
		'2.5',
		'cm',
		'EUR'
	);
	INSERT INTO "PRODUCT" VALUES(
		'HT-1003',
		'LT',
		'Computer Systems',
		'Smartcards',
		'4.2',
		'KG',
		'Notebook Basic 19 with 2,80 GHz quad core, 19" LCD, 8 GB DDR3 RAM, 1000 GB Hard Disc, Windows 8 Pro',
		'Notebook Basic 19',
		'/test-resources/sap/ui/demokit/explored/img/HT-1003.jpg',
		'A',
		'1650',
		'32',
		'21',
		'4',
		'cm',
		'EUR'
	);
	INSERT INTO "PRODUCT" VALUES(
		'HT-1007',
		'AC',
		'Computer Components',
		'Technocom',
		'0.2',
		'KG',
		'Digital Organizer with State-of-the-Art Storage Encryption',
		'ITelO Vault',
		'/test-resources/sap/ui/demokit/explored/img/HT-1007.jpg',
		'D',
		'299',
		'32',
		'22',
		'3',
		'cm',
		'EUR'
	);
	INSERT INTO "PRODUCT" VALUES(
		'HT-1010',
		'AC',
		'Computer Systems',
		'Very Best Screens',
		'4.3',
		'KG',
		'Notebook Professional 15 with 2,80 GHz quad core, 15" Multitouch LCD, 8 GB DDR3 RAM, 500 GB SSD - DVD-Writer (DVD-R/+R/-RW/-RAM),Windows 8 Pro',
		'Notebook Professional 15',
		'/test-resources/sap/ui/demokit/explored/img/HT-1010.jpg',
		'A',
		'1999',
		'33',
		'20',
		'3',
		'cm',
		'EUR'
	);
	INSERT INTO "PRODUCT" VALUES(
		'HT-1011',
		'LT',
		'Computer Systems',
		'Very Best Screens',
		'4.1',
		'KG',
		'Notebook Professional 17 with 2,80 GHz quad core, 17" Multitouch LCD, 8 GB DDR3 RAM, 500 GB SSD - DVD-Writer (DVD-R/+R/-RW/-RAM),Windows 8 Pro',
		'Notebook Professional 17',
		'/test-resources/sap/ui/demokit/explored/img/HT-1011.jpg',
		'O',
		'2299',
		'33',
		'23',
		'2',
		'cm',
		'EUR'
	);
	INSERT INTO "PRODUCT" VALUES(
		'HT-1020',
		'AC',
		'Computer Components',
		'Technocom',
		'0.16',
		'KG',
		'Digital Organizer with State-of-the-Art Encryption for Storage and Network Communications',
		'ITelO Vault Net',
		'/test-resources/sap/ui/demokit/explored/img/HT-1020.jpg',
		'O',
		'459',
		'10',
		'1.8',
		'17',
		'cm',
		'EUR'
	);
	INSERT INTO "PRODUCT" VALUES(
		'HT-1021',
		'AC',
		'Computer Components',
		'Technocom',
		'0.18',
		'KG',
		'Digital Organizer with State-of-the-Art Encryption for Storage and Secure Stellite Link',
		'ITelO Vault SAT',
		'/test-resources/sap/ui/demokit/explored/img/HT-1021.jpg',
		'D',
		'149',
		'11',
		'1.7',
		'18',
		'cm',
		'EUR'
	);
	INSERT INTO "PRODUCT" VALUES(
		'HT-1022',
		'AC',
		'Computer Components',
		'Technocom',
		'0.2',
		'KG',
		'32 GB Digital Assistant with high-resolution color screen',
		'Comfort Easy',
		'/test-resources/sap/ui/demokit/explored/img/HT-1022.jpg',
		'A',
		'1679',
		'84',
		'1.5',
		'14',
		'cm',
		'EUR'
	);
	INSERT INTO "PRODUCT" VALUES(
		'HT-1023',
		'AC',
		'Computer Components',
		'Technocom',
		'0.8',
		'KG',
		'64 GB Digital Assistant with high-resolution color screen and synthesized voice output',
		'Comfort Senior',
		'/test-resources/sap/ui/demokit/explored/img/HT-1023.jpg',
		'A',
		'512',
		'80',
		'1.6',
		'13',
		'cm',
		'EUR'
	);
	INSERT INTO "PRODUCT" VALUES(
		'HT-1030',
		'FT',
		'Computer Components',
		'Very Best Screens',
		'21',
		'KG',
		'Optimum Hi-Resolution max. 1920 x 1080 @ 85Hz, Dot Pitch: 0.27mm',
		'Ergo Screen E-I',
		'/test-resources/sap/ui/demokit/explored/img/HT-1030.jpg',
		'D',
		'230',
		'37',
		'12',
		'36',
		'cm',
		'EUR'
	);
	INSERT INTO "PRODUCT" VALUES(
		'HT-1031',
		'FT',
		'Computer Components',
		'Very Best Screens',
		'21',
		'KG',
		'Optimum Hi-Resolution max. 1920 x 1200 @ 85Hz, Dot Pitch: 0.26mm',
		'Ergo Screen E-II',
		'/test-resources/sap/ui/demokit/explored/img/HT-1031.jpg',
		'O',
		'285',
		'40.8',
		'19',
		'43',
		'cm',
		'EUR'
	);
	INSERT INTO "PRODUCT" VALUES(
		'HT-1032',
		'FT',
		'Computer Components',
		'Very Best Screens',
		'21',
		'KG',
		'Optimum Hi-Resolution max. 2560 x 1440 @ 85Hz, Dot Pitch: 0.25mm',
		'Ergo Screen E-III',
		'/test-resources/sap/ui/demokit/explored/img/HT-1032.jpg',
		'A',
		'345',
		'40.8',
		'19',
		'43',
		'cm',
		'EUR'
	);
	INSERT INTO "PRODUCT" VALUES(
		'HT-1035',
		'FT',
		'Computer Components',
		'Very Best Screens',
		'14',
		'KG',
		'Optimum Hi-Resolution max. 1600 x 1200 @ 85Hz, Dot Pitch: 0.24mm',
		'Flat Basic',
		'/test-resources/sap/ui/demokit/explored/img/HT-1035.jpg',
		'A',
		'399',
		'39',
		'20',
		'41',
		'cm',
		'EUR'
	);
	INSERT INTO "PRODUCT" VALUES(
		'HT-1036',
		'FT',
		'Computer Components',
		'Very Best Screens',
		'15',
		'KG',
		'Optimum Hi-Resolution max. 2048 x 1080 @ 85Hz, Dot Pitch: 0.26mm',
		'Flat Future',
		'/test-resources/sap/ui/demokit/explored/img/HT-1036.jpg',
		'O',
		'430',
		'45',
		'26',
		'46',
		'cm',
		'EUR'
	);
	INSERT INTO "PRODUCT" VALUES(
		'HT-1037',
		'FT',
		'Computer Components',
		'Very Best Screens',
		'17',
		'KG',
		'Optimum Hi-Resolution max. 2016 x 1512 @ 85Hz, Dot Pitch: 0.24mm',
		'Flat XL',
		'/test-resources/sap/ui/demokit/explored/img/HT-1037.jpg',
		'A',
		'1230',
		'54.5',
		'22.1',
		'39.1',
		'cm',
		'EUR'
	);
	INSERT INTO "PRODUCT" VALUES(
		'HT-1040',
		'PR',
		'SC',
		'Alpha Printers',
		'32',
		'KG',
		'Print 2400 dpi image quality color documents at speeds of up to 32 ppm (color) or 36 ppm (monochrome), letter/A4. Powerful 500 MHz processor, 512MB of memory',
		'Laser Professional Eco',
		'/test-resources/sap/ui/demokit/explored/img/HT-1040.jpg',
		'A',
		'830',
		'51',
		'46',
		'30',
		'cm',
		'EUR'
	);
	INSERT INTO "PRODUCT" VALUES(
		'HT-1041',
		'PR',
		'SC',
		'Alpha Printers',
		'23',
		'KG',
		'Up to 22 ppm color or 24 ppm monochrome A4/letter, powerful 500 MHz processor and 128MB of memory',
		'Laser Basic',
		'/test-resources/sap/ui/demokit/explored/img/HT-1041.jpg',
		'A',
		'490',
		'48',
		'42',
		'26',
		'cm',
		'EUR'
	);
	INSERT INTO "PRODUCT" VALUES(
		'HT-1042',
		'PR',
		'SC',
		'Alpha Printers',
		'17',
		'KG',
		'Print up to 25 ppm letter and 24 ppm A4 color or monochrome, with a first-page-out-time of less than 13 seconds for monochrome and less than 15 seconds for color',
		'Laser Allround',
		'/test-resources/sap/ui/demokit/explored/img/HT-1042.jpg',
		'A',
		'349',
		'53',
		'50',
		'65',
		'cm',
		'EUR'
	);
	INSERT INTO "PRODUCT" VALUES(
		'HT-1050',
		'PR',
		'SC',
		'Alpha Printers',
		'3',
		'KG',
		'4800 dpi x 1200 dpi - up to 35 ppm (mono) / up to 34 ppm (color) - capacity: 250 sheets - Hi-Speed USB, Ethernet',
		'Ultra Jet Super Color',
		'/test-resources/sap/ui/demokit/explored/img/HT-1050.jpg',
		'A',
		'139',
		'41',
		'41',
		'28',
		'cm',
		'EUR'
	);
	INSERT INTO "PRODUCT" VALUES(
		'HT-1051',
		'PR',
		'SC',
		'Printer for All',
		'1.9',
		'KG',
		'1000 dpi x 1000 dpi - up to 35 ppm (mono) / up to 34 ppm (color) - capacity: 250 sheets - Hi-Speed USB - excellent dimensions for the small office',
		'Ultra Jet Mobile',
		'/test-resources/sap/ui/demokit/explored/img/HT-1051.jpg',
		'A',
		'99',
		'46',
		'32',
		'25',
		'cm',
		'EUR'
	);
	INSERT INTO "PRODUCT" VALUES(
		'HT-1052',
		'PR',
		'SC',
		'Printer for All',
		'18',
		'KG',
		'4800 dpi x 1200 dpi - up to 35 ppm (mono) / up to 34 ppm (color) - capacity: 250 sheets - Hi-Speed USB2.0, Ethernet',
		'Ultra Jet Super Highspeed',
		'/test-resources/sap/ui/demokit/explored/img/HT-1052.jpg',
		'A',
		'170',
		'41',
		'41',
		'28',
		'cm',
		'EUR'
	);
	INSERT INTO "PRODUCT" VALUES(
		'HT-1055',
		'PR',
		'SC',
		'Printer for All',
		'6.3',
		'KG',
		'1000 dpi x 1000 dpi - up to 16 ppm (mono) / up to 15 ppm (color)- capacity 80 sheets - scanner (216 x 297 mm, 1200dpi x 2400dpi)',
		'Multi Print',
		'/test-resources/sap/ui/demokit/explored/img/HT-1055.jpg',
		'A',
		'99',
		'55',
		'45',
		'29',
		'cm',
		'EUR'
	);
	INSERT INTO "PRODUCT" VALUES(
		'HT-1056',
		'PR',
		'SC',
		'Printer for All',
		'4.3',
		'KG',
		'1200 dpi x 1200 dpi - up to 25 ppm (mono) / up to 24 ppm (color)- capacity 80 sheets - scanner (216 x 297 mm, 2400dpi x 4800dpi, high resolution)',
		'Multi Color',
		'/test-resources/sap/ui/demokit/explored/img/HT-1056.jpg',
		'A',
		'119',
		'51',
		'41.3',
		'22',
		'cm',
		'EUR'
	);
	INSERT INTO "PRODUCT" VALUES(
		'HT-1060',
		'MI',
		'Computer Components',
		'Oxynum',
		'0.09',
		'KG',
		'Cordless Optical USB MI, Laptop, Color: Black, Plug&Play',
		'Cordless Mouse',
		'/test-resources/sap/ui/demokit/explored/img/HT-1060.jpg',
		'O',
		'9',
		'6',
		'14.5',
		'3.5',
		'cm',
		'EUR'
	);
	INSERT INTO "PRODUCT" VALUES(
		'HT-1061',
		'MI',
		'Computer Components',
		'Oxynum',
		'0.09',
		'KG',
		'Optical USB, PS/2 Mouse, Color: Blue, 3-button-functionality (incl. Scroll wheel)',
		'Speed Mouse',
		'/test-resources/sap/ui/demokit/explored/img/HT-1061.jpg',
		'D',
		'7',
		'7',
		'15',
		'3.1',
		'cm',
		'EUR'
	);
	INSERT INTO "PRODUCT" VALUES(
		'HT-1062',
		'MI',
		'Computer Components',
		'Oxynum',
		'0.03',
		'KG',
		'Optical USB Mouse, Color: Red, 5-button-functionality(incl. Scroll wheel), Plug&Play',
		'Track Mouse',
		'/test-resources/sap/ui/demokit/explored/img/HT-1062.jpg',
		'O',
		'11',
		'3',
		'7',
		'4',
		'cm',
		'EUR'
	);
	INSERT INTO "PRODUCT" VALUES(
		'HT-1063',
		'KB',
		'Computer Components',
		'Oxynum',
		'2.1',
		'KG',
		'Ergonomic USB Keyboard for Desktop, Plug&Play',
		'Ergonomic Keyboard',
		'/test-resources/sap/ui/demokit/explored/img/HT-1063.jpg',
		'D',
		'14',
		'50',
		'21',
		'3.5',
		'cm',
		'EUR'
	);
	INSERT INTO "PRODUCT" VALUES(
		'HT-1064',
		'KB',
		'Computer Components',
		'Oxynum',
		'1.8',
		'KG',
		'Corded Keyboard with special keys for Internet Usability, USB',
		'Internet Keyboard',
		'/test-resources/sap/ui/demokit/explored/img/HT-1064.jpg',
		'A',
		'16',
		'52',
		'25',
		'3',
		'cm',
		'EUR'
	);
	INSERT INTO "PRODUCT" VALUES(
		'HT-1065',
		'KB',
		'Computer Components',
		'Oxynum',
		'2.3',
		'KG',
		'Corded Ergonomic Keyboard with special keys for Media Usability, USB',
		'Media Keyboard',
		'/test-resources/sap/ui/demokit/explored/img/HT-1065.jpg',
		'A',
		'26',
		'51.4',
		'23',
		'4',
		'cm',
		'EUR'
	);
	INSERT INTO "PRODUCT" VALUES(
		'HT-1066',
		'MI',
		'Computer Components',
		'Oxynum',
		'80',
		'G',
		'Nice mouse pad with ITelO Logo',
		'Mousepad',
		'/test-resources/sap/ui/demokit/explored/img/HT-1066.jpg',
		'A',
		'6.99',
		'15',
		'6',
		'0.2',
		'cm',
		'EUR'
	);
	INSERT INTO "PRODUCT" VALUES(
		'HT-1067',
		'MI',
		'Computer Components',
		'Oxynum',
		'80',
		'G',
		'Ergonomic mouse pad with ITelO Logo',
		'Ergo Mousepad',
		'/test-resources/sap/ui/demokit/explored/img/HT-1067.jpg',
		'O',
		'8.99',
		'15',
		'6',
		'0.2',
		'cm',
		'EUR'
	);
	INSERT INTO "PRODUCT" VALUES(
		'HT-1068',
		'MI',
		'Computer Components',
		'Fasttech',
		'90',
		'G',
		'ITelO Mousepad Special Edition',
		'Designer Mousepad',
		'/test-resources/sap/ui/demokit/explored/img/HT-1068.jpg',
		'A',
		'12.99',
		'24',
		'24',
		'0.6',
		'cm',
		'EUR'
	);
	INSERT INTO "PRODUCT" VALUES(
		'HT-1069',
		'CSA',
		'Computer Systems',
		'Fasttech',
		'45',
		'G',
		'Universal card reader',
		'Universal card reader',
		'/test-resources/sap/ui/demokit/explored/img/HT-1069.jpg',
		'O',
		'14',
		'6',
		'6',
		'3',
		'cm',
		'EUR'
	);
	INSERT INTO "PRODUCT" VALUES(
		'HT-1070',
		'GC',
		'Computer Components',
		'Ultrasonic United',
		'0.255',
		'KG',
		'Proctra X: PCI-E GDDR5 3072MB',
		'Proctra X',
		'/test-resources/sap/ui/demokit/explored/img/HT-1070.jpg',
		'A',
		'70.9',
		'22',
		'35',
		'17',
		'cm',
		'EUR'
	);
	INSERT INTO "PRODUCT" VALUES(
		'HT-1071',
		'GC',
		'Computer Components',
		'Ultrasonic United',
		'0.3',
		'KG',
		'Gladiator XLN: PCI-E GDDR5 3072MB DVI Out, TV Out low-noise',
		'Gladiator MX',
		'/test-resources/sap/ui/demokit/explored/img/HT-1071.jpg',
		'A',
		'81.7',
		'22',
		'35',
		'17',
		'cm',
		'EUR'
	);
	INSERT INTO "PRODUCT" VALUES(
		'HT-1072',
		'GC',
		'Computer Components',
		'Ultrasonic United',
		'0.4',
		'KG',
		'Hurricane GX: PCI-E 691 GFLOPS game-optimized',
		'Hurricane GX',
		'/test-resources/sap/ui/demokit/explored/img/HT-1072.jpg',
		'A',
		'101.2',
		'22',
		'35',
		'17',
		'cm',
		'EUR'
	);
	INSERT INTO "PRODUCT" VALUES(
		'HT-1073',
		'GC',
		'Computer Components',
		'Smartcards',
		'0.4',
		'KG',
		'Hurricane GX/LN: PCI-E 691 GFLOPS game-optimized, low-noise.',
		'Hurricane GX/LN',
		'/test-resources/sap/ui/demokit/explored/img/HT-1073.jpg',
		'A',
		'139.99',
		'22',
		'35',
		'17',
		'cm',
		'EUR'
	);
	INSERT INTO "PRODUCT" VALUES(
		'HT-1080',
		'SC',
		'Printers and Scanners',
		'Printer for All',
		'2.3',
		'KG',
		'Flatbed scanner - 9.600 x 9.600 dpi - 216 x 297 mm - Hi-Speed USB - Bluetooth',
		'Photo Scan',
		'/test-resources/sap/ui/demokit/explored/img/HT-1080.jpg',
		'A',
		'129',
		'34',
		'48',
		'5',
		'cm',
		'EUR'
	);
	INSERT INTO "PRODUCT" VALUES(
		'HT-1081',
		'SC',
		'Printers and Scanners',
		'Printer for All',
		'2.4',
		'KG',
		'Flatbed scanner - 9.600 x 9.600 dpi - 216 x 297 mm - SCSI for backward compatibility',
		'Power Scan',
		'/test-resources/sap/ui/demokit/explored/img/HT-1081.jpg',
		'A',
		'89',
		'31',
		'43',
		'7',
		'cm',
		'EUR'
	);
	INSERT INTO "PRODUCT" VALUES(
		'HT-1082',
		'SC',
		'Printers and Scanners',
		'Printer for All',
		'3.2',
		'KG',
		'Flatbed scanner - Letter - 2400 dpi x 2400 dpi - 216 x 297 mm - add-on module',
		'Jet Scan Professional',
		'/test-resources/sap/ui/demokit/explored/img/HT-1082.jpg',
		'A',
		'169',
		'33',
		'41',
		'12',
		'cm',
		'EUR'
	);
	INSERT INTO "PRODUCT" VALUES(
		'HT-1083',
		'SC',
		'Printers and Scanners',
		'Printer for All',
		'3.2',
		'KG',
		'Flatbed scanner - A4 - 2400 dpi x 2400 dpi - 216 x 297 mm - add-on module',
		'Jet Scan Professional',
		'/test-resources/sap/ui/demokit/explored/img/HT-1083.jpg',
		'A',
		'189',
		'35',
		'40',
		'10',
		'cm',
		'EUR'
	);
	INSERT INTO "PRODUCT" VALUES(
		'HT-1085',
		'PR',
		'SC',
		'Alpha Printers',
		'23.2',
		'KG',
		'Copymaster',
		'Copymaster',
		'/test-resources/sap/ui/demokit/explored/img/HT-1085.jpg',
		'A',
		'1499',
		'45',
		'42',
		'22',
		'cm',
		'EUR'
	);
	INSERT INTO "PRODUCT" VALUES(
		'HT-1090',
		'SP',
		'Computer Components',
		'Speaker Experts',
		'3',
		'KG',
		'PC multimedia speakers - 5 Watt (Total)',
		'Surround Sound',
		'/test-resources/sap/ui/demokit/explored/img/HT-1090.jpg',
		'A',
		'39',
		'12',
		'10',
		'16',
		'cm',
		'EUR'
	);
	INSERT INTO "PRODUCT" VALUES(
		'HT-1091',
		'SP',
		'Computer Components',
		'Speaker Experts',
		'1.4',
		'KG',
		'PC multimedia speakers - 10 Watt (Total) - 2-way',
		'Blaster Extreme',
		'/test-resources/sap/ui/demokit/explored/img/HT-1091.jpg',
		'A',
		'26',
		'13',
		'11',
		'17.5',
		'cm',
		'EUR'
	);
	INSERT INTO "PRODUCT" VALUES(
		'HT-1092',
		'SP',
		'Computer Components',
		'Speaker Experts',
		'2.1',
		'KG',
		'PC multimedia speakers - optimized for Blutooth/A2DP',
		'Sound Booster',
		'/test-resources/sap/ui/demokit/explored/img/HT-1092.jpg',
		'A',
		'45',
		'12.4',
		'10.4',
		'18.1',
		'cm',
		'EUR'
	);
	INSERT INTO "PRODUCT" VALUES(
		'HT-1100',
		'SW',
		'Software',
		'Technocom',
		'1.2',
		'KG',
		'Complete package, 1 User, Office Applications (word processing, spreadsheet, presentations)',
		'Smart Office',
		'/test-resources/sap/ui/demokit/explored/img/HT-1100.jpg',
		'D',
		'89.9',
		'15',
		'6.5',
		'2.1',
		'cm',
		'EUR'
	);
	INSERT INTO "PRODUCT" VALUES(
		'HT-1101',
		'SW',
		'Software',
		'Technocom',
		'0.8',
		'KG',
		'Complete package, 1 User, Image editing, processing',
		'Smart Design',
		'/test-resources/sap/ui/demokit/explored/img/HT-1101.jpg',
		'O',
		'79.9',
		'14',
		'6.7',
		'24',
		'cm',
		'EUR'
	);
	INSERT INTO "PRODUCT" VALUES(
		'HT-1102',
		'SW',
		'Software',
		'Technocom',
		'0.8',
		'KG',
		'Complete package, 1 User, Network Software Utilities, Useful Applications and Documentation',
		'Smart Network',
		'/test-resources/sap/ui/demokit/explored/img/HT-1102.jpg',
		'A',
		'69',
		'16',
		'6',
		'27',
		'cm',
		'EUR'
	);
	INSERT INTO "PRODUCT" VALUES(
		'HT-1103',
		'SW',
		'Software',
		'Technocom',
		'0.8',
		'KG',
		'Complete package, 1 User, different Multimedia applications, playing music, watching DVDs, only with this Smart package',
		'Smart Multimedia',
		'/test-resources/sap/ui/demokit/explored/img/HT-1103.jpg',
		'A',
		'77',
		'11',
		'3.4',
		'22',
		'cm',
		'EUR'
	);
	INSERT INTO "PRODUCT" VALUES(
		'HT-1104',
		'SW',
		'Software',
		'Technocom',
		'1.1',
		'KG',
		'Complete package, 1 User, various games for amusement, logic, action, jump&run',
		'Smart Games',
		'/test-resources/sap/ui/demokit/explored/img/HT-1104.jpg',
		'O',
		'55',
		'10',
		'3',
		'30',
		'cm',
		'EUR'
	);
	INSERT INTO "PRODUCT" VALUES(
		'HT-1105',
		'SW',
		'Software',
		'Brainsoft',
		'0.7',
		'KG',
		'Complete package, 1 User, highly recommended for internet users as anti-virus protection',
		'Smart Internet Antivirus',
		'/test-resources/sap/ui/demokit/explored/img/HT-1105.jpg',
		'A',
		'29',
		'16',
		'4',
		'21',
		'cm',
		'EUR'
	);
	INSERT INTO "PRODUCT" VALUES(
		'HT-1106',
		'SW',
		'Software',
		'Brainsoft',
		'0.9',
		'KG',
		'Complete package, 1 User, recommended for internet users, protect your PC against cyber-crime',
		'Smart Firewall',
		'/test-resources/sap/ui/demokit/explored/img/HT-1106.jpg',
		'A',
		'34',
		'17.9',
		'4.2',
		'23.1',
		'cm',
		'EUR'
	);
	INSERT INTO "PRODUCT" VALUES(
		'HT-1107',
		'SW',
		'Software',
		'Brainsoft',
		'0.5',
		'KG',
		'Complete package, 1 User, bring your money in your mind, see what you have and what you want',
		'Smart Money',
		'/test-resources/sap/ui/demokit/explored/img/HT-1107.jpg',
		'D',
		'29.9',
		'12',
		'1.5',
		'19',
		'cm',
		'EUR'
	);
	INSERT INTO "PRODUCT" VALUES(
		'HT-1110',
		'CSA',
		'Computer Systems',
		'Red Point Stores',
		'0.03',
		'KG',
		'Robust 3m anti-burglary protection for your laptop computer',
		'PC Lock',
		'/test-resources/sap/ui/demokit/explored/img/HT-1110.jpg',
		'A',
		'8.9',
		'20',
		'8',
		'4.3',
		'cm',
		'EUR'
	);
	INSERT INTO "PRODUCT" VALUES(
		'HT-1111',
		'CSA',
		'Computer Systems',
		'Red Point Stores',
		'0.02',
		'KG',
		'Robust 1m anti-burglary protection for your desktop computer',
		'Notebook Lock',
		'/test-resources/sap/ui/demokit/explored/img/HT-1111.jpg',
		'A',
		'6.9',
		'31',
		'9',
		'7',
		'cm',
		'EUR'
	);
	INSERT INTO "PRODUCT" VALUES(
		'HT-1112',
		'CSA',
		'Computer Systems',
		'Red Point Stores',
		'0.075',
		'KG',
		'Color webcam, color, High-Speed USB',
		'Web cam reality',
		'/test-resources/sap/ui/demokit/explored/img/HT-1112.jpg',
		'A',
		'39',
		'9',
		'8.2',
		'1.3',
		'cm',
		'EUR'
	);
	INSERT INTO "PRODUCT" VALUES(
		'HT-1113',
		'CSA',
		'Computer Systems',
		'Red Point Stores',
		'0.05',
		'KG',
		'10 separately packed screen wipes',
		'Screen clean',
		'/test-resources/sap/ui/demokit/explored/img/HT-1113.jpg',
		'A',
		'2.3',
		'2',
		'2',
		'0.1',
		'cm',
		'EUR'
	);
	INSERT INTO "PRODUCT" VALUES(
		'HT-1114',
		'CSA',
		'Computer Systems',
		'Red Point Stores',
		'1.8',
		'KG',
		'Notebook bag, plenty of room for stationery and writing materials',
		'Fabric bag professional',
		'/test-resources/sap/ui/demokit/explored/img/HT-1114.jpg',
		'A',
		'31',
		'42',
		'32',
		'7',
		'cm',
		'EUR'
	);
	INSERT INTO "PRODUCT" VALUES(
		'HT-1115',
		'TC',
		'Computer Components',
		'Red Point Stores',
		'0.45',
		'KG',
		'Wireless DSL Router (available in blue, black and silver)',
		'Wireless DSL Router',
		'/test-resources/sap/ui/demokit/explored/img/HT-1115.jpg',
		'O',
		'49',
		'19.3',
		'18',
		'5',
		'cm',
		'EUR'
	);
	INSERT INTO "PRODUCT" VALUES(
		'HT-1116',
		'TC',
		'Computer Components',
		'Red Point Stores',
		'0.45',
		'KG',
		'Wireless DSL Router / Repeater (available in blue, black and silver)',
		'Wireless DSL Router / Repeater',
		'/test-resources/sap/ui/demokit/explored/img/HT-1116.jpg',
		'A',
		'59',
		'19.3',
		'18',
		'5',
		'cm',
		'EUR'
	);
	INSERT INTO "PRODUCT" VALUES(
		'HT-1117',
		'TC',
		'Computer Components',
		'Technocom',
		'0.45',
		'KG',
		'Wireless DSL Router / Repeater and Print Server (available in blue, black and silver)',
		'Wireless DSL Router / Repeater and Print Server',
		'/test-resources/sap/ui/demokit/explored/img/HT-1117.jpg',
		'O',
		'69',
		'19.3',
		'18',
		'5',
		'cm',
		'EUR'
	);
	INSERT INTO "PRODUCT" VALUES(
		'HT-1118',
		'CSA',
		'Computer Systems',
		'Technocom',
		'0.015',
		'KG',
		'USB 2.0 High-Speed 64 GB',
		'USB Stick',
		'/test-resources/sap/ui/demokit/explored/img/HT-1118.jpg',
		'A',
		'35',
		'1.5',
		'8.7',
		'1.2',
		'cm',
		'EUR'
	);
	INSERT INTO "PRODUCT" VALUES(
		'HT-1120',
		'KB',
		'Computer Components',
		'Technocom',
		'1',
		'KG',
		'Cordless Bluetooth Keyboard with English keys',
		'Cordless Bluetooth Keyboard, english international',
		'/test-resources/sap/ui/demokit/explored/img/HT-1120.jpg',
		'A',
		'29',
		'51.4',
		'23',
		'4',
		'cm',
		'EUR'
	);
	INSERT INTO "PRODUCT" VALUES(
		'HT-1137',
		'FS',
		'Computer Components',
		'Technocom',
		'18',
		'KG',
		'Optimum Hi-Resolution max. 2048 x 1536 @ 85Hz, Dot Pitch: 0.24mm',
		'Flat XXL',
		'/test-resources/sap/ui/demokit/explored/img/HT-1137.jpg',
		'A',
		'1430',
		'54',
		'22',
		'38',
		'cm',
		'EUR'
	);
	INSERT INTO "PRODUCT" VALUES(
		'HT-1138',
		'MI',
		'Computer Components',
		'Technocom',
		'0.02',
		'KG',
		'Portable pocket Mouse with retracting cord',
		'Pocket Mouse',
		'/test-resources/sap/ui/demokit/explored/img/HT-1138.jpg',
		'A',
		'23',
		'0.3',
		'0.5',
		'1',
		'cm',
		'EUR'
	);
	INSERT INTO "PRODUCT" VALUES(
		'HT-1210',
		'DC',
		'Computer Systems',
		'Technocom',
		'2.3',
		'KG',
		'PC Power Station with 3,4 Ghz quad-core, 32 GB DDR3 SDRAM, feels like a PC, Windows 8 Pro',
		'PC Power Station',
		'/test-resources/sap/ui/demokit/explored/img/HT-1210.jpg',
		'A',
		'2399',
		'28',
		'31',
		'43',
		'cm',
		'EUR'
	);
	INSERT INTO "PRODUCT" VALUES(
		'HT-1500',
		'SV',
		'Computer Systems',
		'Technocom',
		'18',
		'KG',
		'Dual socket, quad-core processing server with 1333 MHz Front Side Bus with 10Gb connectivity',
		'Server Basic',
		'/test-resources/sap/ui/demokit/explored/img/HT-1500.jpg',
		'A',
		'5000',
		'34',
		'35',
		'23',
		'cm',
		'EUR'
	);
	INSERT INTO "PRODUCT" VALUES(
		'HT-1501',
		'SV',
		'Computer Systems',
		'Technocom',
		'25',
		'KG',
		'Dual socket, quad-core processing server with 1644 MHz Front Side Bus with 10Gb connectivity',
		'Server Professional',
		'/test-resources/sap/ui/demokit/explored/img/HT-1501.jpg',
		'O',
		'15000',
		'29',
		'30',
		'27',
		'cm',
		'EUR'
	);
	INSERT INTO "PRODUCT" VALUES(
		'HT-1502',
		'SV',
		'Computer Systems',
		'Technocom',
		'35',
		'KG',
		'Dual socket, quad-core processing server with 1644 MHz Front Side Bus with 100Gb connectivity',
		'Server Power Pro',
		'/test-resources/sap/ui/demokit/explored/img/HT-1502.jpg',
		'A',
		'25000',
		'22',
		'27.3',
		'37',
		'cm',
		'EUR'
	);
	INSERT INTO "PRODUCT" VALUES(
		'HT-6130',
		'FST',
		'TV, Video & HiFi',
		'Very Best Screens',
		'2.6',
		'KG',
		'32-inch, 1366x768 Pixel, 16:9, HDTV ready',
		'Flat Watch HD32',
		'/test-resources/sap/ui/demokit/explored/img/HT-6130.jpg',
		'A',
		'1459',
		'78',
		'22.1',
		'55',
		'cm',
		'EUR'
	);
	INSERT INTO "PRODUCT" VALUES(
		'HT-6131',
		'FST',
		'TV, Video & HiFi',
		'Very Best Screens',
		'2.2',
		'KG',
		'37-inch, 1366x768 Pixel, 16:9, HDTV ready',
		'Flat Watch HD37',
		'/test-resources/sap/ui/demokit/explored/img/HT-6131.jpg',
		'A',
		'1199',
		'99.1',
		'26',
		'61',
		'cm',
		'EUR'
	);
	INSERT INTO "PRODUCT" VALUES(
		'HT-6132',
		'FST',
		'TV, Video & HiFi',
		'Very Best Screens',
		'1.8',
		'KG',
		'41-inch, 1366x768 Pixel, 16:9, HDTV ready',
		'Flat Watch HD41',
		'/test-resources/sap/ui/demokit/explored/img/HT-6132.jpg',
		'A',
		'899',
		'128',
		'23',
		'79.1',
		'cm',
		'EUR'
	);
	INSERT INTO "PRODUCT" VALUES(
		'HT-7030',
		'AC',
		'Computer Components',
		'Fasttech',
		'0.5',
		'KG',
		'Our new multifunctional Handheld with phone function in platinum',
		'Platinberry',
		'/test-resources/sap/ui/demokit/explored/img/HT-7030.jpg',
		'D',
		'549',
		'8.1',
		'13',
		'12.1',
		'cm',
		'EUR'
	);
	INSERT INTO "PRODUCT" VALUES(
		'HT-7020',
		'AC',
		'Computer Components',
		'Fasttech',
		'0.5',
		'KG',
		'Our new multifunctional Handheld with phone function in gold',
		'Goldberry',
		'/test-resources/sap/ui/demokit/explored/img/HT-7020.jpg',
		'A',
		'549',
		'8.1',
		'13',
		'12.1',
		'cm',
		'EUR'
	);
	INSERT INTO "PRODUCT" VALUES(
		'HT-7010',
		'AC',
		'Computer Components',
		'Fasttech',
		'0.5',
		'KG',
		'Our new multifunctional Handheld with phone function in silver',
		'Silverberry',
		'/test-resources/sap/ui/demokit/explored/img/HT-7010.jpg',
		'A',
		'549',
		'8.1',
		'13',
		'12.1',
		'cm',
		'EUR'
	);
	INSERT INTO "PRODUCT" VALUES(
		'HT-7000',
		'AC',
		'Computer Components',
		'Fasttech',
		'0.5',
		'KG',
		'Our new multifunctional Handheld with phone function in copper',
		'Copperberry',
		'/test-resources/sap/ui/demokit/explored/img/HT-7000.jpg',
		'A',
		'549',
		'8.1',
		'13',
		'12.1',
		'cm',
		'EUR'
	);
	INSERT INTO "PRODUCT" VALUES(
		'HT-1095',
		'AC',
		'Computer Components',
		'Fasttech',
		'80',
		'G',
		'5.1 Headset, 40 Hz-20 kHz, Wireless',
		'Lovely Sound 5.1 Wireless',
		'/test-resources/sap/ui/demokit/explored/img/HT-1095.jpg',
		'A',
		'49',
		'24',
		'19',
		'23',
		'cm',
		'EUR'
	);
	INSERT INTO "PRODUCT" VALUES(
		'HT-1096',
		'AC',
		'Computer Components',
		'Fasttech',
		'130',
		'G',
		'5.1 Headset, 40 Hz-20 kHz, 3m cable',
		'Lovely Sound 5.1',
		'/test-resources/sap/ui/demokit/explored/img/HT-1096.jpg',
		'A',
		'39',
		'25',
		'17',
		'19',
		'cm',
		'EUR'
	);
	INSERT INTO "PRODUCT" VALUES(
		'HT-1097',
		'AC',
		'Computer Components',
		'Fasttech',
		'60',
		'G',
		'5.1 Headset, 40 Hz-20 kHz, 1m cable',
		'Lovely Sound Stereo',
		'/test-resources/sap/ui/demokit/explored/img/HT-1097.jpg',
		'A',
		'29',
		'21.3',
		'2.4',
		'19.7',
		'cm',
		'EUR'
	);
	INSERT INTO "PRODUCT" VALUES(
		'HT-6123',
		'AC',
		'TV, Video & HiFi',
		'Fasttech',
		'267',
		'G',
		'MP3-Player with 80 GB SSD and Color Display, can play movies',
		'Power Pro Player 80',
		'/test-resources/sap/ui/demokit/explored/img/HT-6123.jpg',
		'A',
		'299',
		'4',
		'6',
		'0.8',
		'cm',
		'EUR'
	);
	INSERT INTO "PRODUCT" VALUES(
		'HT-6122',
		'AC',
		'TV, Video & HiFi',
		'Fasttech',
		'266',
		'G',
		'MP3-Player with 40 GB HDD and Color Display, can play movies',
		'Power Pro Player 40',
		'/test-resources/sap/ui/demokit/explored/img/HT-6122.jpg',
		'A',
		'167',
		'5.1',
		'8',
		'9.2',
		'cm',
		'EUR'
	);
	INSERT INTO "PRODUCT" VALUES(
		'HT-6121',
		'AC',
		'TV, Video & HiFi',
		'Fasttech',
		'134',
		'G',
		'ITelo Jog-Mate 64 GB HDD and Color Display, can play movies',
		'ITelo Jog-Mate',
		'/test-resources/sap/ui/demokit/explored/img/HT-6121.jpg',
		'A',
		'63',
		'5.1',
		'8',
		'9.2',
		'cm',
		'EUR'
	);
	INSERT INTO "PRODUCT" VALUES(
		'HT-6120',
		'AC',
		'TV, Video & HiFi',
		'Fasttech',
		'134',
		'G',
		'64 GB USB Music-on-a-Stick',
		'ITelo MusicStick',
		'/test-resources/sap/ui/demokit/explored/img/HT-6120.jpg',
		'A',
		'45',
		'1.5',
		'6',
		'1',
		'cm',
		'EUR'
	);
	INSERT INTO "PRODUCT" VALUES(
		'HT-6111',
		'AC',
		'TV, Video & HiFi',
		'Fasttech',
		'3.1',
		'KG',
		'160 GB HDD, CD-RW, DVD+R/RW, DVD-R/RW, MPEG 2 (Video-DVD), MPEG 4, VCD, SVCD, DivX, Xvid',
		'Record Movie',
		'/test-resources/sap/ui/demokit/explored/img/HT-6111.jpg',
		'O',
		'288',
		'38',
		'26',
		'6.2',
		'cm',
		'EUR'
	);
	INSERT INTO "PRODUCT" VALUES(
		'HT-6110',
		'AC',
		'TV, Video & HiFi',
		'Fasttech',
		'2.4',
		'KG',
		'CD-RW, DVD+R/RW, DVD-R/RW, MPEG 2 (Video-DVD), MPEG 4, VCD, SVCD, DivX, Xvid',
		'Play Movie',
		'/test-resources/sap/ui/demokit/explored/img/HT-6110.jpg',
		'O',
		'130',
		'37',
		'24',
		'6',
		'cm',
		'EUR'
	);
	INSERT INTO "PRODUCT" VALUES(
		'HT-6102',
		'AC',
		'TV, Video & HiFi',
		'Technocom',
		'2.5',
		'KG',
		'1080p, DLP max. 12,3 Meter, 3D-ready',
		'Beam Breaker B-3',
		'/test-resources/sap/ui/demokit/explored/img/HT-6102.jpg',
		'A',
		'889',
		'30.4',
		'23.1',
		'23',
		'cm',
		'EUR'
	);
	INSERT INTO "PRODUCT" VALUES(
		'HT-6101',
		'AC',
		'TV, Video & HiFi',
		'Technocom',
		'2',
		'KG',
		'1080p, DLP max.9,34 Meter, 2D-ready',
		'Beam Breaker B-2',
		'/test-resources/sap/ui/demokit/explored/img/HT-6101.jpg',
		'A',
		'679',
		'30.4',
		'23.1',
		'23',
		'cm',
		'EUR'
	);
	INSERT INTO "PRODUCT" VALUES(
		'HT-2002',
		'AC',
		'TV, Video & HiFi',
		'Technocom',
		'0.72',
		'KG',
		'9" LCD Screen, storage holds up to 8 hours, 2 speakers included',
		'Portable DVD Player with 9" LCD Monitor',
		'/test-resources/sap/ui/demokit/explored/img/HT-2002.jpg',
		'D',
		'853.99',
		'21',
		'16.5',
		'14',
		'cm',
		'EUR'
	);
	INSERT INTO "PRODUCT" VALUES(
		'HT-6100',
		'AC',
		'TV, Video & HiFi',
		'Titanium',
		'1.7',
		'KG',
		'720p, DLP Projector max. 8,45 Meter, 2D',
		'Beam Breaker B-1',
		'/test-resources/sap/ui/demokit/explored/img/HT-6100.jpg',
		'O',
		'469',
		'30.4',
		'23.1',
		'23',
		'cm',
		'EUR'
	);
	INSERT INTO "PRODUCT" VALUES(
		'HT-2027',
		'AC',
		'Computer Systems',
		'Titanium',
		'0.15',
		'KG',
		'Removable jewel case labels, zero residues (100)',
		'Removable CD/DVD Laser Labels',
		'/test-resources/sap/ui/demokit/explored/img/HT-2027.jpg',
		'A',
		'8.99',
		'5.5',
		'2',
		'2',
		'cm',
		'EUR'
	);
	INSERT INTO "PRODUCT" VALUES(
		'HT-2026',
		'AC',
		'Computer Systems',
		'Titanium',
		'0.2',
		'KG',
		'Quality cables for notebooks and projectors',
		'Audio/Video Cable Kit - 4m',
		'/test-resources/sap/ui/demokit/explored/img/HT-2026.jpg',
		'D',
		'29.99',
		'21',
		'10.2',
		'13',
		'cm',
		'EUR'
	);
	INSERT INTO "PRODUCT" VALUES(
		'HT-2025',
		'AC',
		'Computer Systems',
		'Titanium',
		'0.65',
		'KG',
		'Organizer and protective case for 264 CDs and DVDs',
		'CD/DVD case: 264 sleeves',
		'/test-resources/sap/ui/demokit/explored/img/HT-2025.jpg',
		'A',
		'44.99',
		'13',
		'13',
		'20',
		'cm',
		'EUR'
	);
	INSERT INTO "PRODUCT" VALUES(
		'HT-2001',
		'AC',
		'TV, Video & HiFi',
		'Titanium',
		'0.84',
		'KG',
		'10" LCD Screen, storage battery holds up to 8 hours',
		'10" Portable DVD player',
		'/test-resources/sap/ui/demokit/explored/img/HT-2001.jpg',
		'A',
		'449.99',
		'24',
		'19.5',
		'29',
		'cm',
		'EUR'
	);
	INSERT INTO "PRODUCT" VALUES(
		'HT-2000',
		'AC',
		'TV, Video & HiFi',
		'Titanium',
		'0.79',
		'KG',
		'7" LCD Screen, storage battery holds up to 6 hours!',
		'7" Widescreen Portable DVD Player w MP3',
		'/test-resources/sap/ui/demokit/explored/img/HT-2000.jpg',
		'O',
		'249.99',
		'21.4',
		'19',
		'27.6',
		'cm',
		'EUR'
	);
	INSERT INTO "PRODUCT" VALUES(
		'HT-1603',
		'DC',
		'Computer Systems',
		'Titanium',
		'6.8',
		'KG',
		'3,4 Ghz quad core, 16 GB DDR3 SDRAM, 4000 GB Hard Disc, Graphic Card: Hurricane GX, Windows 8',
		'Gaming Monster Pro',
		'/test-resources/sap/ui/demokit/explored/img/HT-1603.jpg',
		'A',
		'1700',
		'27',
		'28',
		'42',
		'cm',
		'EUR'
	);
	INSERT INTO "PRODUCT" VALUES(
		'HT-1602',
		'DC',
		'Computer Systems',
		'Titanium',
		'5.9',
		'KG',
		'3,4 Ghz quad core, 8 GB DDR3 SDRAM, 2000 GB Hard Disc, Graphic Card: Gladiator MX, Windows 8',
		'Gaming Monster',
		'/test-resources/sap/ui/demokit/explored/img/HT-1602.jpg',
		'A',
		'1200',
		'26.5',
		'34',
		'47',
		'cm',
		'EUR'
	);
	INSERT INTO "PRODUCT" VALUES(
		'HT-1601',
		'DC',
		'Computer Systems',
		'Titanium',
		'5.3',
		'KG',
		'2,8 Ghz dual core, 4 GB DDR3 SDRAM, 1000 GB Hard Disc, Graphic Card: Gladiator MX, Windows 8',
		'Family PC Pro',
		'/test-resources/sap/ui/demokit/explored/img/HT-1601.jpg',
		'A',
		'900',
		'25',
		'31.7',
		'40.2',
		'cm',
		'EUR'
	);
	INSERT INTO "PRODUCT" VALUES(
		'HT-1600',
		'DC',
		'Computer Systems',
		'Titanium',
		'4.8',
		'KG',
		'2,8 Ghz dual core, 4 GB DDR3 SDRAM, 500 GB Hard Disc, Graphic Card: Proctra X, Windows 8',
		'Family PC Basic',
		'/test-resources/sap/ui/demokit/explored/img/HT-1600.jpg',
		'O',
		'600',
		'21.4',
		'29',
		'38',
		'cm',
		'EUR'
	);
	INSERT INTO "PRODUCT" VALUES(
		'HT-1119',
		'AC',
		'Computer Systems',
		'Titanium',
		'88',
		'G',
		'Universal Travel Adapter',
		'Travel Adapter',
		'/test-resources/sap/ui/demokit/explored/img/HT-1119.jpg',
		'A',
		'79',
		'2',
		'3.1',
		'3.9',
		'cm',
		'EUR'
	);
	INSERT INTO "PRODUCT" VALUES(
		'HT-8000',
		'LT',
		'Computer Systems',
		'Titanium',
		'4',
		'KG',
		'Notebook with 2,80 GHz dual core, 4 GB DDR3 SDRAM, 500 GB Hard Disc, Windows 8',
		'ITelO FlexTop I4000',
		'/test-resources/sap/ui/demokit/explored/img/HT-8000.jpg',
		'A',
		'799',
		'31',
		'19',
		'3.1',
		'cm',
		'EUR'
	);
	INSERT INTO "PRODUCT" VALUES(
		'HT-8001',
		'LT',
		'Computer Systems',
		'Titanium',
		'4.2',
		'KG',
		'Notebook with 2,80 GHz dual core, 8 GB DDR3 SDRAM, 500 GB Hard Disc, Windows 8',
		'ITelO FlexTop I6300c',
		'/test-resources/sap/ui/demokit/explored/img/HT-8001.jpg',
		'A',
		'799',
		'32',
		'20',
		'3.4',
		'cm',
		'EUR'
	);
	INSERT INTO "PRODUCT" VALUES(
		'HT-8002',
		'LT',
		'Computer Systems',
		'Titanium',
		'3.5',
		'KG',
		'Notebook with 2,80 GHz quad core, 4 GB DDR3 SDRAM, 1000 GB Hard Disc, Windows 8',
		'ITelO FlexTop I9100',
		'/test-resources/sap/ui/demokit/explored/img/HT-8002.jpg',
		'A',
		'1199',
		'38',
		'21',
		'4.1',
		'cm',
		'EUR'
	);
	INSERT INTO "PRODUCT" VALUES(
		'HT-8003',
		'LT',
		'Computer Systems',
		'Titanium',
		'3.8',
		'KG',
		'Notebook with 2,80 GHz quad core, 8 GB DDR3 SDRAM, 1000 GB Hard Disc, Windows 8',
		'ITelO FlexTop I9800',
		'/test-resources/sap/ui/demokit/explored/img/HT-8003.jpg',
		'A',
		'1388',
		'48',
		'31',
		'4.5',
		'cm',
		'EUR'
	);
	INSERT INTO "PRODUCT" VALUES(
		'PF-1000',
		'AC',
		'Computer Systems',
		'Titanium',
		'0.01',
		'KG',
		'Flyer for our product palette',
		'Flyer',
		'/test-resources/sap/ui/demokit/explored/img/PF-1000.jpg',
		'A',
		'0',
		'46',
		'30',
		'3',
		'cm',
		'EUR'
	);
	INSERT INTO "PRODUCT" VALUES(
		'HT-9999',
		'ST',
		'Smartphones & Tablets',
		'Titanium',
		'3.8',
		'KG',
		'10.1-inch Multitouch HD Screen (1280 x 800), 16GB Internal Memory, Wireless N Wi-Fi; Bluetooth, GPS Enabled, 1GHz Dual-Core Processor',
		'Maxi Tablet',
		'/test-resources/sap/ui/demokit/explored/img/HT-9999.jpg',
		'A',
		'749',
		'48',
		'31',
		'4.5',
		'cm',
		'EUR'
	);
	INSERT INTO "PRODUCT" VALUES(
		'HT-9998',
		'ST',
		'Smartphones & Tablets',
		'Titanium',
		'0.75',
		'KG',
		'5 Megapixel Camera, Wi-Fi 802.11 b/g/n, Bluetooth, GPS A-GPS support',
		'Smartphone Beta',
		'/test-resources/sap/ui/demokit/explored/img/HT-9998.jpg',
		'A',
		'699',
		'48',
		'31',
		'4.5',
		'cm',
		'EUR'
	);
	INSERT INTO "PRODUCT" VALUES(
		'HT-9997',
		'ST',
		'Smartphones & Tablets',
		'Titanium',
		'3.8',
		'KG',
		'6-Inch E Ink Screen, Access To e-book Store, Adjustable Font Styles and Sizes, Stores Up To 1,000 Books',
		'e-Book Reader ReadMe',
		'/test-resources/sap/ui/demokit/explored/img/HT-9997.jpg',
		'A',
		'633',
		'48',
		'31',
		'4.5',
		'cm',
		'EUR'
	);
	INSERT INTO "PRODUCT" VALUES(
		'HT-9996',
		'AC',
		'Smartphones & Tablets',
		'Titanium',
		'0.03',
		'KG',
		'Stylish tablet pouch, protects from scratches, color: black',
		'Tablet Pouch',
		'/test-resources/sap/ui/demokit/explored/img/HT-9996.jpg',
		'A',
		'20',
		'25',
		'40',
		'4.5',
		'cm',
		'EUR'
	);
	INSERT INTO "PRODUCT" VALUES(
		'HT-9995',
		'AC',
		'Smartphones & Tablets',
		'Titanium',
		'0.02',
		'KG',
		'Durable high quality plastic bump-sleeve, lightweight, protects from scratches, rubber coating, multiple colors available, Accurate design and cut-outs for your device, snap-on design',
		'Smartphone Cover',
		'/test-resources/sap/ui/demokit/explored/img/HT-9995.jpg',
		'A',
		'15',
		'48',
		'31',
		'4.5',
		'cm',
		'EUR'
	);
	INSERT INTO "PRODUCT" VALUES(
		'HT-9994',
		'AC',
		'TV, Video & HiFi',
		'Ultrasonic United',
		'3.8',
		'KG',
		'1920x1080 Full HD, image stabilization reduces blur, 27x Optical / 32x Extended Zoom, wide angle Lens, 2.7" wide LCD display',
		'Camcorder View',
		'/test-resources/sap/ui/demokit/explored/img/HT-9994.jpg',
		'A',
		'1388',
		'48',
		'31',
		'27',
		'cm',
		'EUR'
	);
	INSERT INTO "PRODUCT" VALUES(
		'HT-9993',
		'ST',
		'Smartphones & Tablets',
		'Ultrasonic United',
		'3.8',
		'KG',
		'7 inch 1280x800 HD display (216 ppi), Quad-core processor, 16 GB internal storage, 4325 mAh battery (Up to 8 hours of active use)',
		'Mini Tablet',
		'/test-resources/sap/ui/demokit/explored/img/HT-9993.jpg',
		'A',
		'833',
		'48',
		'31',
		'4.5',
		'cm',
		'EUR'
	);
	INSERT INTO "PRODUCT" VALUES(
		'HT-9992',
		'ST',
		'Smartphones & Tablets',
		'Ultrasonic United',
		'0.75',
		'KG',
		'7 inch 1280x800 HD display (216 ppi), Quad-core processor, 16 GB internal storage (actual formatted capacity will be less), 4325 mAh battery (Up to 8 hours of active use), white or black',
		'Smartphone Alpha',
		'/test-resources/sap/ui/demokit/explored/img/HT-9992.jpg',
		'A',
		'599',
		'48',
		'31',
		'4.5',
		'cm',
		'EUR'
	);
	INSERT INTO "PRODUCT" VALUES(
		'HT-9991',
		'AC',
		'Smartphones & Tablets',
		'Ultrasonic United',
		'0.02',
		'KG',
		'Button Clasp, Quality Material, 100% Leather, compatible with many smartphone models',
		'Smartphone Leather Case',
		'/test-resources/sap/ui/demokit/explored/img/HT-9991.jpg',
		'A',
		'25',
		'48',
		'31',
		'4.5',
		'cm',
		'EUR'
	);
	INSERT INTO "PRODUCT" VALUES(
		'HT-1251',
		'LT',
		'Computer Systems',
		'Ultrasonic United',
		'4.2',
		'KG',
		'Flexible Laptop with 2,5 GHz Quad Core, 15" HD TN, 16 GB DDR SDRAM, 256 GB SSD, Windows 10 Pro',
		'Astro Laptop 1516',
		'/test-resources/sap/ui/demokit/explored/img/HT-.jpg',
		'A',
		'989',
		'30',
		'18',
		'3',
		'cm',
		'EUR'
	);
	INSERT INTO "PRODUCT" VALUES(
		'HT-1252',
		'ST',
		'Smartphones & Tablets',
		'Ultrasonic United',
		'0.75',
		'KG',
		'6 inch 1280x800 HD display (216 ppi), Quad-core processor, 8 GB internal storage (actual formatted capacity will be less), 3050 mAh battery (Up to 8 hours of active use), grey or black',
		'Astro Phone 6',
		'/test-resources/sap/ui/demokit/explored/img/HT-1252.jpg',
		'A',
		'649',
		'8',
		'6',
		'1.5',
		'cm',
		'EUR'
	);
	INSERT INTO "PRODUCT" VALUES(
		'HT-1253',
		'LT',
		'Computer Systems',
		'Ultrasonic United',
		'4.2',
		'KG',
		'Flexible Laptop with 2,5 GHz Dual Core, 14" HD+ TN, 8 GB DDR SDRAM, 324 GB SSD, Windows 10 Pro',
		'Benda Laptop 1408',
		'/test-resources/sap/ui/demokit/explored/img/HT-1253.jpg',
		'A',
		'976',
		'30',
		'18',
		'3',
		'cm',
		'EUR'
	);
	INSERT INTO "PRODUCT" VALUES(
		'HT-1254',
		'FS',
		'Computer Components',
		'Ultrasonic United',
		'15',
		'KG',
		'Optimum Hi-Resolution Widescreen max. 1920 x 1080 @ 85Hz, Dot Pitch: 0.27mm, HDMI, D-Sub',
		'Bending Screen 21HD',
		'/test-resources/sap/ui/demokit/explored/img/HT-1254.jpg',
		'A',
		'250',
		'37',
		'12',
		'36',
		'cm',
		'EUR'
	);
	INSERT INTO "PRODUCT" VALUES(
		'HT-1255',
		'FS',
		'Computer Components',
		'Ultrasonic United',
		'16',
		'KG',
		'Optimum Hi-Resolution Widescreen max. 2048 x 1080 @ 85Hz, Dot Pitch: 0.27mm, HDMI, D-Sub',
		'Broad Screen 22HD',
		'/test-resources/sap/ui/demokit/explored/img/HT-1255.jpg',
		'O',
		'270',
		'39',
		'12',
		'38',
		'cm',
		'EUR'
	);
	INSERT INTO "PRODUCT" VALUES(
		'HT-1256',
		'ST',
		'Smartphones & Tablets',
		'Ultrasonic United',
		'0.75',
		'KG',
		'7 inch 1280x800 HD display (216 ppi), Quad-core processor, 16 GB internal storage (actual formatted capacity will be less), 4325 mAh battery (Up to 8 hours of active use), white or black',
		'Cerdik Phone 7',
		'/test-resources/sap/ui/demokit/explored/img/HT-1256.jpg',
		'A',
		'549',
		'9',
		'15',
		'1.5',
		'cm',
		'EUR'
	);
	INSERT INTO "PRODUCT" VALUES(
		'HT-1257',
		'ST',
		'Smartphones & Tablets',
		'Ultrasonic United',
		'2.8',
		'KG',
		'10.5-inch Multitouch HD Screen (1280 x 800), 16GB Internal Memory, Wireless N Wi-Fi; Bluetooth, GPS Enabled, 1GHz Dual-Core Processor',
		'Cepat Tablet 10.5',
		'/test-resources/sap/ui/demokit/explored/img/HT-1257.jpg',
		'A',
		'549',
		'48',
		'31',
		'4.5',
		'cm',
		'EUR'
	);
	INSERT INTO "PRODUCT" VALUES(
		'HT-1258',
		'ST',
		'Smartphones & Tablets',
		'Ultrasonic United',
		'2.5',
		'KG',
		'8-inch Multitouch HD Screen (2000 x 1500) 32GB Internal Memory, Wireless N Wi-Fi, Bluetooth, GPS Enabled, 1.5 GHz Quad-Core Processor',
		'Cepat Tablet 8',
		'/test-resources/sap/ui/demokit/explored/img/HT-1258.jpg',
		'A',
		'529',
		'38',
		'21',
		'3.5',
		'cm',
		'EUR'
	);

CREATE COLUMN TABLE "PRODUCTCATEGORY"(
	"CATEGORYNAME" VARCHAR(255),
	"CATEGORY" VARCHAR(255),
	"NUMBEROFPRODUCTS" INTEGER CS_INT,
	PRIMARY KEY (
		"CATEGORY"
	)
) UNLOAD PRIORITY 5 AUTO MERGE;

	INSERT INTO "PRODUCTCATEGORY" VALUES(
		'Accessories',
		'AC',
		34
	);
	INSERT INTO "PRODUCTCATEGORY" VALUES(
		'Desktop Computers',
		'DC',
		5
	);
	INSERT INTO "PRODUCTCATEGORY" VALUES(
		'Flat Screens',
		'FS',
		3
	);
	INSERT INTO "PRODUCTCATEGORY" VALUES(
		'Keyboards',
		'KB',
		4
	);
	INSERT INTO "PRODUCTCATEGORY" VALUES(
		'Laptops',
		'LT',
		11
	);
	INSERT INTO "PRODUCTCATEGORY" VALUES(
		'Printers',
		'PR',
		9
	);
	INSERT INTO "PRODUCTCATEGORY" VALUES(
		'Smartphones and Tablets',
		'ST',
		9
	);
	INSERT INTO "PRODUCTCATEGORY" VALUES(
		'Mice',
		'MI',
		7
	);
	INSERT INTO "PRODUCTCATEGORY" VALUES(
		'Computer System Accessories',
		'CSA',
		7
	);
	INSERT INTO "PRODUCTCATEGORY" VALUES(
		'Graphics Card',
		'GC',
		4
	);
	INSERT INTO "PRODUCTCATEGORY" VALUES(
		'Scanners',
		'SC',
		4
	);
	INSERT INTO "PRODUCTCATEGORY" VALUES(
		'Speakers',
		'SP',
		3
	);
	INSERT INTO "PRODUCTCATEGORY" VALUES(
		'Software',
		'SW',
		8
	);
	INSERT INTO "PRODUCTCATEGORY" VALUES(
		'Telecommunication',
		'TC',
		3
	);
	INSERT INTO "PRODUCTCATEGORY" VALUES(
		'Servers',
		'SV',
		3
	);
	INSERT INTO "PRODUCTCATEGORY" VALUES(
		'Flat Screen TVs',
		'FST',
		3
	);

