<?xml version="1.0" encoding="utf-8" standalone="yes" ?>
<edmx:Edmx Version="1.0" xmlns:edmx="http://schemas.microsoft.com/ado/2007/06/edmx">
	<edmx:DataServices xmlns:m="http://schemas.microsoft.com/ado/2007/08/dataservices/metadata" m:DataServiceVersion="2.0">
		<Schema Namespace="App_odata_v4.OData.cart" xmlns:d="http://schemas.microsoft.com/ado/2007/08/dataservices" xmlns:m="http://schemas.microsoft.com/ado/2007/08/dataservices/metadata" xmlns="http://schemas.microsoft.com/ado/2008/09/edm">
			<EntityType Name="PRODUCTType">
				<Key>
					<PropertyRef Name="PRODUCTID" />
				</Key>
				<Property Name="PRODUCTID" Type="Edm.String" Nullable="false" MaxLength="255" />
				<Property Name="CATEGORY" Type="Edm.String" MaxLength="255" />
				<Property Name="MAINCATEGORY" Type="Edm.String" MaxLength="255" />
				<Property Name="SUPPLIERNAME" Type="Edm.String" MaxLength="255" />
				<Property Name="WEIGHT" Type="Edm.String" MaxLength="255" />
				<Property Name="WEIGHTUNIT" Type="Edm.String" MaxLength="255" />
				<Property Name="SHORTDESCRIPTION" Type="Edm.String" MaxLength="255" />
				<Property Name="NAME" Type="Edm.String" MaxLength="255" />
				<Property Name="PICTUREURL" Type="Edm.String" MaxLength="255" />
				<Property Name="STATUS" Type="Edm.String" MaxLength="255" />
				<Property Name="PRICE" Type="Edm.String" MaxLength="255" />
				<Property Name="DIMENSIONWIDTH" Type="Edm.String" MaxLength="255" />
				<Property Name="DIMENSIONDEPTH" Type="Edm.String" MaxLength="255" />
				<Property Name="DIMENSIONHEIGHT" Type="Edm.String" MaxLength="255" />
				<Property Name="UNIT" Type="Edm.String" MaxLength="255" />
				<Property Name="CURRENCYCODE" Type="Edm.String" MaxLength="255" />
				<NavigationProperty Name="CATEGORY_PRODUCT" Relationship="App_odata_v4.OData.cart.CATEGORY__PRODUCTType" FromRole="PRODUCTDependent" ToRole="PRODUCTCATEGORYPrincipal" />
			</EntityType>
			<EntityType Name="FEATUREDPRODUCTSType">
				<Key>
					<PropertyRef Name="PRODUCTID" />
					<PropertyRef Name="TYPE" />
				</Key>
				<Property Name="PRODUCTID" Type="Edm.String" Nullable="false" MaxLength="255" />
				<Property Name="TYPE" Type="Edm.String" Nullable="false" MaxLength="255" />
				<NavigationProperty Name="FEATURED_PRODUCTS" Relationship="App_odata_v4.OData.cart.FEATURED__PRODUCTSType" FromRole="FEATUREDPRODUCTSDependent" ToRole="PRODUCTPrincipal" />
			</EntityType>
			<EntityType Name="PRODUCTCATEGORYType">
				<Key>
					<PropertyRef Name="CATEGORY" />
				</Key>
				<Property Name="CATEGORYNAME" Type="Edm.String" MaxLength="255" />
				<Property Name="CATEGORY" Type="Edm.String" Nullable="false" MaxLength="255" />
				<Property Name="NUMBEROFPRODUCTS" Type="Edm.Int32" />
				<NavigationProperty Name="PRODUCT_CATEGORY" Relationship="App_odata_v4.OData.cart.PRODUCT__CATEGORYType" FromRole="PRODUCTCATEGORYDependent" ToRole="PRODUCTPrincipal" />
			</EntityType>
			<Association Name="CATEGORY__PRODUCTType">
				<End Type="App_odata_v4.OData.cart.PRODUCTCATEGORYType" Role="PRODUCTCATEGORYPrincipal" Multiplicity="1"/>
				<End Type="App_odata_v4.OData.cart.PRODUCTType" Role="PRODUCTDependent" Multiplicity="*"/>
			</Association>
			<Association Name="FEATURED__PRODUCTSType">
				<End Type="App_odata_v4.OData.cart.PRODUCTType" Role="PRODUCTPrincipal" Multiplicity="1"/>
				<End Type="App_odata_v4.OData.cart.FEATUREDPRODUCTSType" Role="FEATUREDPRODUCTSDependent" Multiplicity="1"/>
			</Association>
			<Association Name="PRODUCT__CATEGORYType">
				<End Type="App_odata_v4.OData.cart.PRODUCTType" Role="PRODUCTPrincipal" Multiplicity="*"/>
				<End Type="App_odata_v4.OData.cart.PRODUCTCATEGORYType" Role="PRODUCTCATEGORYDependent" Multiplicity="1"/>
			</Association>
			<EntityContainer Name="cart" m:IsDefaultEntityContainer="true">
				<EntitySet Name="PRODUCT" EntityType="App_odata_v4.OData.cart.PRODUCTType" />
				<EntitySet Name="FEATUREDPRODUCTS" EntityType="App_odata_v4.OData.cart.FEATUREDPRODUCTSType" />
				<EntitySet Name="PRODUCTCATEGORY" EntityType="App_odata_v4.OData.cart.PRODUCTCATEGORYType" />
				<AssociationSet Name="CATEGORY__PRODUCT" Association="App_odata_v4.OData.cart.CATEGORY__PRODUCTType">
					<End Role="PRODUCTCATEGORYPrincipal" EntitySet="PRODUCTCATEGORY"/>
					<End Role="PRODUCTDependent" EntitySet="PRODUCT"/>
				</AssociationSet>
				<AssociationSet Name="FEATURED__PRODUCTS" Association="App_odata_v4.OData.cart.FEATURED__PRODUCTSType">
					<End Role="PRODUCTPrincipal" EntitySet="PRODUCT"/>
					<End Role="FEATUREDPRODUCTSDependent" EntitySet="FEATUREDPRODUCTS"/>
				</AssociationSet>
				<AssociationSet Name="PRODUCT__CATEGORY" Association="App_odata_v4.OData.cart.PRODUCT__CATEGORYType">
					<End Role="PRODUCTPrincipal" EntitySet="PRODUCT"/>
					<End Role="PRODUCTCATEGORYDependent" EntitySet="PRODUCTCATEGORY"/>
				</AssociationSet>
			</EntityContainer>
		</Schema>
	</edmx:DataServices>
</edmx:Edmx>