{
  "run": [
    {
      "filePath": "/index.html",
      "previewMode": 1,
      "dataMode": 0,
      "workspace": "withoutWorkspace",
      "ui5ActiveVersion": null,
      "ui5VerSource": null,
      "isDefaultVersion": 0,
      "urlParameters": [],
      "hashParameter": "",
      "backendSystem": [],
      "_metadata": {
        "id": 7071453,
        "runnerId": "webapprunner",
        "displayName": "Run index.html",
        "lastRunTimeStamp": 1531919845386
      }
    },
    {
      "filePath": "/index.html",
      "previewMode": 1,
      "dataMode": 0,
      "workspace": "withoutWorkspace",
      "ui5ActiveVersion": null,
      "ui5VerSource": null,
      "isDefaultVersion": 0,
      "urlParameters": [],
      "hashParameter": "",
      "backendSystem": [],
      "urlParametersNotNeeded": false,
      "_metadata": {
        "id": 2459433,
        "runnerId": "webapprunner",
        "displayName": "Configuration",
        "lastRunTimeStamp": 1531820660802
      }
    }
  ]
}