{
    "application": {
        "id": "",
        "title": "sap.ui.demo.cart.shoppingcart",
        "type": "SAP_UI5_Component",
        "componentUrl": "/",
        "appUrl": "#shoppingcart-Display",
        "navigationComponentName": "sap.ui.demo.cart",
        "intentSemanticObject": "shoppingcart",
        "intentAction": "Display",
        "html5ApplicationName": "shoppingcart",
        "HCPParentApplicationName": ""
    },
    "assignment": {
        "groups": [
            "b8eba722-1463-4b52-a0a4-a8128bc8c331"
        ],
        "contentPackages": [
            "e0dfa48e-0c57-48c0-b038-c74ad500ef5b"
        ],
        "categories": []
    },
    "tile": {
        "type": "StaticTile",
        "title": "Shopping Cart",
        "subtitle": "Web shop",
        "searchKeywords": "Shopping Cart,Web shop",
        "displayIconUrl": "sap-icon://retail-store",
        "displayInfoText": "",
        "size": "1x1",
        "serviceURL": "",
        "refreshInterval": ""
    }
}